<?xml version="1.0"?>
<root_super_search>
	<item id_name="local_directory_search" display_name="Local Contacts" priority="1" enable="1" />
	<item id_name="calllog_search" display_name="History" priority="2" enable="1" />
	<item id_name="remote_directory_search" display_name="Remote Phonebook" priority="3" enable="0" />
		<item id_name="ldap_search" display_name="LDAP" priority="4" enable="0" dev="T19 T21 T23 T40 T40G T27 T27G T29 T41 T42 T42S T41S T46 T46S T54S T52 T48 T48S T49 T61 T66 T69 T69S CP860 DECT CP920"/>
	<item id_name="BroadSoft_directory_search" display_name="Network Directories" priority="5" enable="0" />
		<item id_name="BroadSoft_UC_search" display_name="BroadSoft Buddies" priority="6" enable="0" dev="T29 T46 T46S T54S T52 T48 T48S T49 T69 T69S"/>
	<item id_name="plcm_directory_search" display_name="PhoneBook" priority="7" enable="0" />
	<item id_name="genband_directory_search" display_name="Personal Address Book" priority="8" enable="1" />
	<item id_name="MetaSwitch_directory_search" display_name="Network Contacts" priority="9" enable="0" />
	<item id_name="MetaSwitch_calllog_search" display_name="Network Call List" priority="10" enable="0" />
		<item id_name="mobile_directory_search" display_name="Mobile Contacts" priority="11" enable="1" dev="T29 T46 T46S T54S T52 T48 T48S T42S T41S T27G CP920"/>
		<item id_name="google_directory_search" display_name="Google Contacts" priority="12" enable="0" />
</root_super_search>
